791253,BONE SS M,BLACK,NOT SPORTS SPECIFIC,T-SHIRTS,Men,143.54
612508,FBS GRA TEE,BLACK,FOOTBALL/SOCCER,T-SHIRTS,Men,2187.03
E14787,ESS CREW TEE,BLACK,TRAINING,T-SHIRTS,Kid,2151.58
372246,AC M 3S TEE,WHITE/VIVIDRED,TRAINING,T-SHIRTS,Men,689.48
95231,PB LOGO TEE,DARKSPACE/LGHTSPACE,ORIGINALS,T-SHIRTS,Woman,1681.63
314393,3S CB TEE,WHITE/DARKONIX,TRAINING,T-SHIRTS,Men,239.83
93399,BORN ON THE COU,DEEPCHILI/BLACK,BASKETBALL,T-SHIRTS,Men,135.28
608760,D S V TOP,VAPOUR/COLEGAQUA,ORIGINALS,T-SHIRTS,Woman,1747.93
P93799,BNCE L/S TEE,BLACK/WHITE,TRAINING,T-SHIRTS,Men,197.98
47466,SBW TEE,MINTGREEN,TRAINING,T-SHIRTS,Woman,963.48
O43781,SE SL,SUSHI GREEN F11-R,RUNNING,T-SHIRTS,Men,3474.08
P96578,CORE LS TEE,DEEPCHILI,SPORT STYLE,T-SHIRTS,Men,1433.07
67183,ALI GAZE,MEDGREHEA,TRAINING,T-SHIRTS,Men,2135.87
608524,BL NIGHT TEE,MIDBLUE,ORIGINALS,T-SHIRTS,Woman,167.72
318135,AMPH SHIRT W,CRISTAL,OUTDOOR,T-SHIRTS,Woman,236.52
X35539,RUN GRAPH TANK,SUPERPINK,TRAINING,T-SHIRTS,Woman,545.72
569413,PHAIDON LS TEE,BLACK,TRAINING,T-SHIRTS,Woman,4273.02
608433,D AG GRAPHIC TE,CARGO,ORIGINALS,T-SHIRTS,Woman,3757.92
E16349,365INSP SL TEE,WHITE/SILVER,TRAINING,T-SHIRTS,Men,2593.47
503973,SUPERSKATE TEE,FAIRWAY/METSILVER,ORIGINALS,T-SHIRTS,Men,891.07
K23236,GRAPH V NEC T,HEROINE PINK S10-R-BLACK,SPORT STYLE,T-SHIRTS,Woman,2487.42
E81108,ADISTAR L/S TEE,PHANTOM/TIN,RUNNING,T-SHIRTS,Men,4994.81
E13546,TRAIL FCT TEE,RED,OUTDOOR,T-SHIRTS,Men,4350.76
367285,SOUVENIER TEE,WHITE/FAIRWAY,ORIGINALS,T-SHIRTS,Men,2459.96
K81931,STRAPPY VEST,ROSE RED F10-R,WORKOUT,TOPS,Woman,288.71
E41330,FIN. LON. CAP.,WHITE/POPPY,FOOTBALL/SOCCER,BALLS,Men,1441.71
653882,PLAYA X-ITE,WHITE/COLLEGRED,FOOTBALL/SOCCER,BALLS,Men,4855.91
805923,+TG MINI,BLACK/black,FOOTBALL/SOCCER,BALLS,Men,917.11
J09773,VALDE II 500F - PB,WHITE/BLACK/RED,FOOTBALL/SOCCER,BALLS,Unisex,3229.96
G44341,ADI SUN W,AERRED/AERRED/WHT,ORIGINALS,SANDALS/SLIPPERS,Woman,778.61
652808,PERFANTO M,NEWNAV/WHT/NEWNAV,SWIM,SANDALS/SLIPPERS,Men,1659.81
519143,RAYANO,BLACK/WHT/AQUA,SWIM,SANDALS/SLIPPERS,Men,300.25
P90419,SP Y 3S PESPANT,PURPLEBEA/RADIANAQU,TRAINING,PANTS,Woman,2506.30
24935,SPORTHEIM PANT,BLACK/LEGACY,ORIGINALS,PANTS,Men,4217.95
303221,ME WV STR PANT,RUBIAGREY,TRAINING,PANTS,Woman,5407.70
741916,GYM CU TRACK PA,LIGHTBARK,TRAINING,PANTS,Woman,1267.15
P06130,FIREBIRD TP,ARTRED,ORIGINALS,PANTS,Woman,5075.20
373735,FARRAH PANT,BLACK/LEGACY,ORIGINALS,PANTS,Woman,5804.00
503822,CORE CUFF PANT,BLACK,ORIGINALS,PANTS,Woman,3086.95
X50274,M-REKORD,RINSEDENI,ORIGINALS,PANTS,Men,4782.85
740397,ET TRAINPANT,WHITE/SILVER,TRAINING,PANTS,Woman,3253.60
628367,CLUB WV PANT,LIGHTIRON,TRAINING,PANTS,Men,3685.14
504225,GS 3/4 TRG PANT,BLACK/TRUERED,FOOTBALL/SOCCER,PANTS,Men,6294.04
686611,BC CALYPSO PANT,DARKNAVY,TRAINING,PANTS,Men,1264.94
26779,3SI 3/4 PANTS,PHANTOM/WHITE,TRAINING,PANTS,Woman,4568.79
K24230,CORE W/O PANT S,BLACK,TRAINING,PANTS,Woman,3944.79
610604,ESS NEW PANT,TAUPE,TRAINING,PANTS,Men,3375.84
140219,TRAIL STR ZO P,VENTUGREY,OUTDOOR,PANTS,Men,7755.09
652266,PANT 3S YOUNG,BLACK/SHADEGREY,TRAINING,PANTS,Men,5656.19
P08661,CGYM KICKPANTS,PURESTEEL/PINKMET,TRAINING,PANTS,Woman,8616.89
741916,GYM CU TRACK PA,LIGHTBARK,TRAINING,PANTS,Woman,1651.14
87699,TF UW BOXER,WHITE,TRAINING,TIGHTS,Men,3445.23
556104,BASICS L TIGHT,BLACK/RUNNWHITE,TRAINING,TIGHTS,Woman,472.08
V10866,SN 3/4 TI W,STRONGPNK/INTENSPNK,RUNNING,TIGHTS,Woman,5237.93
615894,PREDATOR CLUB,WHITE/BLACK,FOOTBALL/SOCCER,PROTECTION GEAR,Men,5582.68
616267,PARTIDO,BLACK/PREDATRED,FOOTBALL/SOCCER,PROTECTION GEAR,Men,6025.58
616356,RESPONSE PRO,COBALT/WHITE,FOOTBALL/SOCCER,PROTECTION GEAR,Men,10243.58
V87196,FS ULTIMATE,SHARPBLUE/ELECTRICI,FOOTBALL/SOCCER,PROTECTION GEAR,Men,8315.38
566076,WINTER LS 2,TITANIUM/ALLOY,ORIGINALS,SWEATERS,Men,3160.93
603007,F.C. KNIT,APOLLO/LEMONPEEL,TRAINING,SWEATERS,Men,9966.53
29774,BC MATURE JUMP.,BONE/DARKCLAY,TRAINING,SWEATERS,Men,7896.93
741357,COURT WRISTBAND,WHITE/WAVEBLUE,ORIGINALS,APPAREL ACCESSORIES,Unisex,4975.37
28636,BATIDA GRAIN W,RUNWHT/FREGRE/LEAD,TENNIS,SHOES,Woman,6043.42
G50724,CORE 50,BLACK1/BLACK1/INTPNK,TRAINING,SHOES,Woman,2789.92
551921,VAPORSPEED TR,GRAPHI/BLACK/GOLD,TRAINING,SHOES,Men,12238.07
919796,KICK 3 I,BLACK1/WHT/DCHILI,ORIGINALS,SHOES,Infant,8148.67
537595,B49 TRAINER K,RUNWHT/DKINDI/SILVER,TRAINING,SHOES,Kid,2978.42
14505,MISSY GAME II,MUSBRO/TECBRO/TECGRE,ORIGINALS,SHOES,Woman,10529.72
385758,SAVAGE 2003 W,BREEZE/LAZART/SOLUCE,RUNNING,SHOES,Woman,9380.17
664274,TOP TEN LT LOW,BLACK1/METSIL/BLACK1,BASKETBALL,SHOES,Men,11431.07
667201,KG BOUNCE,BLACK1/LONEBL/RUNWHT,BASKETBALL,SHOES,Men,5424.82
418009,EXTEND LOW XCR,PUTTY/HEMP/FLPJA,OUTDOOR,SHOES,Men,12303.36
G41601,SNICE CF I,RUNWHI/RADPNK/FRECAN,TRAINING,SHOES,Infant,2672.76
10529,ORACLE LOGO CVS II,BLACK1/RUNWHI/RUNWHI,TENNIS,SHOES,Men,8872.41
462756,SUPERSTAR CF I,WHT/ENERGY/MAJEST,ORIGINALS,SHOES,Infant,6584.31
10349,+PREDITO II TF,DPSPMT/METSIL/METSIL,FOOTBALL/SOCCER,SHOES,Men,2783.36
G23045,TOP TEN LO NBA,BLACK1/COGRSL/DARONX,ORIGINALS,SHOES,Men,1502.21
G12098,NIZZA LO,WHT/WHT/WHT,ORIGINALS,SHOES,Men,5801.01
43943,MICROBOUNCE LT W,LGRANI/INTPIN/GRAGRE,RUNNING,SHOES,Woman,2654.66
909213,HONEY LOW GRUEN,LGTRUB/VAPOUR/WHT,ORIGINALS,SHOES,Woman,12753.31
464269,BRASIC HIGH STR,STONE/POWGRE/RUNWHT,TENNIS,SHOES,Unisex,8145.81
462570,+F10.6 TRX TF,WHT/ZENITH/MASBLU,FOOTBALL/SOCCER,SHOES,Men,12825.55
L12075,SUPER CAN W,NGTPUR/NGTPUR/NGTPUR,TENNIS,SHOES,Woman,8250.65
518674,SHORE,DUSK/BLACK/PEWTER,RUNNING,SHOES,Men,7010.15
418018,EXTEND MID XCR,BURRO/SHREW/FOUND,OUTDOOR,SHOES,Men,14705.95
553190,TUSCANY ENDURO HI SUEDE,BLACK/WHT/Laser,ORIGINALS,SHOES,Men,706.35
667361,BTB LT W,RUNWHT/DSHALE/CALLIS,BASKETBALL,SHOES,Woman,12512.15
J02608,DINAMO TF,BLACK/WHITE/RED,FOOTBALL/SOCCER,SHOES,Men,14605.75
36666,GALAXY SMV SE K,ALABAS/MERGRE/RUNWHT,ORIGINALS,SHOES,Kid,420.15
561329,TELSTAR TRX TF,RUNWHT/COLRED/COLRED,FOOTBALL/SOCCER,SHOES,Men,5081.75
12779,TACTIC LOW W,WHT/CALLIS/SPLASH,ORIGINALS,SHOES,Woman,11703.90
467959,NRTN,BLACK1/LEAD/SILVER,ORIGINALS,SHOES,Men,1033.79
12194,MACTELO,BLSACU/GRSACU/BROMET,TRAINING,SHOES,Unisex,6219.49
G00817,SUPERSTAR 2 CMF I,WHT/PURGRN/PURYEL,ORIGINALS,SHOES,Infant,16092.64
10496,+F50.7 TUNIT UPPER,RUNWHT/BLACK1/METSIL,FOOTBALL/SOCCER,SHOES,Men,7399.59
G41851,EQT REMODEL,DKINDI/FREBLU/WHT,ORIGINALS,SHOES,Men,16173.04
J84086,EASYTONE REECHILL II,LTHR/GRY/GRVL/SLV/PUR/GRY,TRAINING,SHOES,Woman,14917.39
G03908,VESPA SPRINT VELOCE,WHT/WHT/BLACK1,ORIGINALS,SHOES,Men,14472.59
919974,LAHAR TRAINER,WHT/PURCY/METSIL,NOT SPORTS SPECIFIC,SHOES,Woman,8786.14
42174,PORSCHE DESIGN 1 LUX,BLACK1/BLACK1/METGOL,ORIGINALS,SHOES,Men,1202.99
116264,MISSY CROSS TRAIN,CHOCOL/ICEBLU/CHOCOL,ORIGINALS,SHOES,Woman,1133.44
43601,LS-MOVE II,BLACK1/LAVMET/LAVMET,NOT SPORTS SPECIFIC,SHOES,Woman,2679.48
G31514,JOGGER K,RUNWHT/DKINDI/RUNWHT,NOT SPORTS SPECIFIC,SHOES,Kid,15016.73
809597,SS 2G6  HALF-SHELL,UNIRED/RUNWHT/METGOL,BASKETBALL,SHOES,Men,8600.88
653254,BEACH TB 2,NEWCURACA/CHILI,TRAINING,BAGS,Woman,9930.18
805443,RH POCKET BELT,BONE/CONCRETE,ORIGINALS,BAGS,Woman,3357.83
659010,FOOT B BPACK,SUNSHINE/BLACK,FOOTBALL/SOCCER,BAGS,Unisex,17532.63
E43699,CR_BTS POWER,TINMET/PURESTEEL,TRAINING,BAGS,Unisex,7350.63
949151,FREEST ANTOXIA,IRON/POWERRED,TRAINING,BAGS,Unisex,16108.63
602427,BTS CLASSIC BP,BLACK/SILVER,TRAINING,BAGS,Unisex,493.88
RK31840,CITY BAG,COMBAT GREEN S09-R,Err:520,BAGS,Unisex,19222.68
545094,PREMIUM CARRY N,SCREEGREY/PEARL,TRAINING,BAGS,Woman,5823.07
802695,G. WAITZ BAG,FAIRWAY/WHITE,ORIGINALS,BAGS,Woman,1441.97
38343,BI-TONAL BP CLA,TAUPE,TRAINING,BAGS,Unisex,10480.37
397979,DBA BP,COLLENAVY,FOOTBALL/SOCCER,BAGS,Kid,1207.77
802812,PLAY OFF BTS 3,TORO/BLACK,TRAINING,BAGS,Men,453.12
E44538,YAT ORGANIZER,ROOT/MATTORANG,TRAINING,BAGS,Woman,9121.82
K83428,CITY BAG,BLACK/ULTRAMARINE F10-R/S,TRAINING,BAGS,Unisex,8073.97
614595,VENUS,BLACK/WHITE,ORIGINALS,BAGS,Woman,14892.87
396209,NY BACKPACK 3,DARKCLAY/NEWNAVY,BASEBALL,BAGS,Unisex,2803.37
37876,BTS MESSENGERBA,BLADEBLUE/DARKBLADE,TRAINING,BAGS,Unisex,16005.37
V86519,STAR TB,BLACK/ULTLILMET,FOOTBALL/SOCCER,BAGS,Unisex,11652.86
648203,BI-TONAL POLO,WHITE,TRAINING,POLO SHIRTS,Men,17417.26
P43729,ESS STR POLO,WHITE,TRAINING,POLO SHIRTS,Woman,1471.11
309598,REFEREE SHIRT,BLACK/LEGACY,ORIGINALS,POLO SHIRTS,Men,16689.11
506916,RES CT TH POLO,DRKINDIGO/WHITE,TENNIS,POLO SHIRTS,Men,20325.01
506926,RES CT TRAD POL,WHITE/BLACK,TENNIS,POLO SHIRTS,Men,17239.21
574490,LIN POLO STRIPE,Echo/WHITE,TRAINING,POLO SHIRTS,Woman,19144.81
635296,D-STRIPE POLO,FRESHPINK,ORIGINALS,POLO SHIRTS,Men,2251.36
109128,2COLOUR LOGO 3P,BLACK/MEDGREHEA,TRAINING,SOCKS,Unisex,12154.31
52363,ADICREW 6PP,BLACK/WHITE,TRAINING,SOCKS,Unisex,15042.31
V37058,T DISNEY B G3PP,WHITE/FRESHBLUE,TRAINING,SOCKS,Kid,20442.60
O05608,T W ADILIB. 2PP,BLACK/WHITE,TRAINING,SOCKS,Woman,17008.50
E17431,CR T LINANKLE3P,WHITE/MEDGREHEA,TRAINING,SOCKS,Unisex,15030.10
694581,S 83-C TWIST,MEDGREHEA/MIDRED,ORIGINALS,JACKETS,Woman,4306.35
K15494,PADDED JKT,BLACK,OUTDOOR,JACKETS,Men,18074.40
109125,NA TRACK TOP,BLACK/SHOCKRED,TRAINING,JACKETS,Woman,21145.10
P08258,LF SS TT CS,TIN,ORIGINALS,JACKETS,Men,8483.85
303775,SUMMIT VEST,DRKMARINE,ORIGINALS,JACKETS,Men,14060.35
156919,YR-SLEEVEL.VEST,ONIX/URANUS,TRAINING,JACKETS,Men,24037.95
76411,RECORD T.TOP,DARKNAVY/DEEPROYAL,TRAINING,JACKETS,Men,22031.55
E14815,REAL TT,DARKPURPL/WHITE,ORIGINALS,JACKETS,Men,13279.54
P91434,PAD JKT YOUNG,NIGHTSKY,TRAINING,JACKETS,Men,1549.19
309523,SUPERGIRL JCKT.,DIABOLO/DRKMARINE,ORIGINALS,JACKETS,Woman,4787.84
X25062,ESS 3S TRACKTOP,MEDGREHEA/WHITE,TRAINING,JACKETS,Woman,16261.94
696985,AD TRACKTOP,BLACK/CHALK2,TRAINING,JACKETS,Men,18980.34
625057,GYM CU PADDED J,DARKSPACE,TRAINING,JACKETS,Woman,2198.69
O57443,M QUILTED SWT,BLACK,ORIGINALS,JACKETS,Men,4489.54
58762,ADI FIREBIRD TT,COLLENAVY/LGTORANGE,ORIGINALS,JACKETS,Men,6629.84
O57866,VESPA TRACK TOP,BLACK/DARKSHALE,ORIGINALS,JACKETS,Men,1732.94
48194,FZ KNIT V,MINTGREEN/LIGHTJADE,ORIGINALS,JACKETS,Men,22750.19
27963,AR SWEAT TT,SILVER,ORIGINALS,JACKETS,Woman,15507.18
608325,RH WINTER COATI,BLACK,ORIGINALS,JACKETS,Woman,12121.03
371987,DANIN HD.ZIPTOP,MEDGREHEA,TRAINING,JACKETS,Woman,18190.33
P08254,SVESPA COAT,BLACK,ORIGINALS,JACKETS,Men,2392.53
O43556,TD-ZIGJKT,BLACK-TIN GREY F11-R,TRAINING,JACKETS,Men,11000.38
86418,3S BTS,DIVA/BLOOM,TRAINING,JACKETS,Kid,21670.38
79668,+PRED DB HD JK,WHITE,FOOTBALL/SOCCER,JACKETS,Men,617.23
372070,AC G SWEAT JKTY,DARKCHOCO/TRUERED,TRAINING,JACKETS,Kid,21441.58
90411,LFC FITTED CAP,BLACK/LGTSCARLT,FOOTBALL/SOCCER,HEADWEAR,Men,16759.93
373077,B TREFOIL CAP,VIVIDRED/LEGACY,ORIGINALS,HEADWEAR,Men,21777.43
743176,RH SUN HAT,BONE/LEGACY,ORIGINALS,HEADWEAR,Woman,3527.37
55564,ADICOLOR CAP,BLACK/SATELLITE,ORIGINALS,HEADWEAR,Unisex,26739.57
741327,CORE MT TRUCKER,DARKNAVY/WAVEBLUE,ORIGINALS,HEADWEAR,Unisex,21122.32
K23394,METAL BADGE CAP,BLACK,TRAINING,HEADWEAR,Woman,19420.62
650075,3S FADING CAP,BLACK,TRAINING,HEADWEAR,Unisex,22329.62
RK29185,SMOOTH FIT CAP,WHITE,TRAINING,HEADWEAR,Woman,19168.92
558296,3S MESH CAP,DEEPSEA,TRAINING,HEADWEAR,Unisex,8857.02
X15511,DISNEY CAP G,ULTRAPINK/SUPERPINK,TRAINING,HEADWEAR,Kid,15640.07
615588,LKB - LTA CAP,POPPY/LIGHTONIX,TRAINING,HEADWEAR,Kid,24130.07
558175,DASSLER CAP ADJ,LGTTITAN,TRAINING,HEADWEAR,Unisex,3966.57
83163,CL FZ HOOD,MONOPINK/WHITE,TRAINING,SWEATSHIRTS,Kid,26767.46
566401,ASC HOODIE,MARSRED/SUNSHINE,ORIGINALS,SWEATSHIRTS,Men,18687.11
K14789,HOODIE,BLACK,WORKOUT,SWEATSHIRTS,Men,4331.06
X30563,CS LONG LOGO HO,BLACK,ORIGINALS,SWEATSHIRTS,Woman,27407.71
77673,AJAX REV TOP,BLACK/TORO,FOOTBALL/SOCCER,SWEATSHIRTS,Men,11388.76
308040,365 SIG GYM SUI,RUBIAGREY,TRAINING,SUITS,Men,3428.81
60008,W COMP.WARMUP,WHITE/BLACK,TENNIS,SUITS,Woman,26905.56
P93004,INF 3S HD FZ PO,BLUEBEAUT/DRKINDIGO,TRAINING,SUITS,Infant,16323.81
E14705,ESS 3SKNIT SUIT,BLOOM/PHANTOM,TRAINING,SUITS,Woman,2650.76
K23099,YNG KNIT TSUIT,HEROINE PINK S10-RBLACK,TRAINING,SUITS,Woman,11592.01
O05266,I DYQ SET G 1,CRYSTAL/MEDGREHEA,TRAINING,SUITS,Infant,27819.45
P90724,ESY TS,BLACK/RED,TRAINING,SUITS,Kid,10316.05
610160,TROF TRG SHO,BLACK,FOOTBALL/SOCCER,SHORTS,Men,7406.05
571040,RG SHORT,DARKSLATE/Powderblu,TENNIS,SHORTS,Men,4863.05
627254,SFT SHORT,LGHTSCREE,ORIGINALS,SHORTS,Men,1555.90
73634,ESS BERTY SHORT,DARKSLATE/WHITE,TRAINING,SHORTS,Men,29272.80
607093,B EDGE BERMUDA,BLACK,TENNIS,SHORTS,Kid,30829.30
506169,PREMIO JSY LS,WHITE/NEWNAVY,FOOTBALL/SOCCER,JERSEYS,Men,20108.05
946175,PERF SHOOTING TOP TBF,WHITE/RED,BASKETBALL,JERSEYS,Men,13573.25
79848,+PRED CC JSY,BLACK/COLLEGRED,FOOTBALL/SOCCER,JERSEYS,Men,31329.20
69561,REG JSY P,GOLD/TORO,FOOTBALL/SOCCER,JERSEYS,Men,7562.19
544970,BL STRIPE CLASP,BLOOM/POOL,ORIGINALS,HARDWARE ACCESSORIES,Woman,13339.69
640765,ESSENTIAL JUMP,BLACK/NEOBLUE,WORKOUT,HARDWARE ACCESSORIES,Unisex,27037.04
59448,INF ART TRUNK A,PUNJAB,SWIM,SWIMWEAR,Men,19098.39
635942,BS SHORT LL,LIGHTAQUA,SWIM,SWIMWEAR,Men,5991.49
67669,ADIDAS CB SH B,ORANGE/DARKSLATE,SWIM,SWIMWEAR,Kid,13429.69
67703,SOLID SHORT BOY,BLACK/DARKSLATE,SWIM,SWIMWEAR,Kid,13641.54
E80278,I 3SA 1PC,BLACK/PINKCANDY,SWIM,SWIMWEAR,Woman,23778.54
